chr15	72410596	A	C	82.3019
chr15	72411247	A	G	228.337
chr15	72414293	C	A	225.417
chr15	72414443	A	G	129.416
chr15	72414620	T	C	64.4044
chr15	72414625	T	C	31.2508
chr15	72418887	C	A	225.417
chr15	72421589	T	C	72.2273
chr15	72421617	A	G	228.323
chr15	72427745	A	T	225.417
chr15	72428059	T	C	228.34
chr15	72432650	T	C	218.746
chr15	72433126	A	G	129.141
chr15	72434053	T	C	146.542
chr15	72434073	A	G	53.4191
chr15	72434081	C	A	38.1117
chr15	72434111	C	A	56.9602
chr15	72434121	G	T	30.2424
chr15	72434126	G	T	45.5926
chr15	72434142	G	T	31.4457
chr15	72434144	A	T	93.7984
chr15	72434146	A	G	104.05
chr15	72434155	A	C	221.966
chr15	72434394	A	T	55.7606
chr15	72434467	T	G	225.421
chr15	72434566	A	C	221.025
chr11	18404434	T	G	225.417
chr11	18404836	C	A	225.417
chr11	18405438	C	G	222.154
chr11	18405619	T	A	225.417
chr11	18407210	T	C	124.394
chr11	18407237	A	C	225.417
chr11	18407245	T	C	225.417
chr11	18407262	A	G	157.881
chr11	18407299	T	G	110.395
chr11	18407314	G	T	117.399
chr11	18407333	G	T	225.417
chr11	18407346	A	C	58.7085
chr11	18407349	T	C,A	191.221
chr11	18407744	T	C	77.4149
chr11	18407781	A	G	219.652
chr11	18407793	A	G	219.656
chr11	18407920	T	C	222.406
chr11	18408346	A	T	225.417
chr11	18408660	C	A	222.401
chr11	18408791	T	C	228.257
chr11	18409191	G	C	60.4147
chr11	18409903	T	A	225.417
chr11	18410391	G	T	222.14
chr11	18410643	T	C	222.378
chr11	18410828	T	C	222.151
chr11	18410875	A	C	222.391
chr11	18411654	A	T	30.4183
chr11	18411912	A	C	40.3984
chr11	18412173	C	G	222.177
chr11	18412213	T	A	225.417
chr11	18412233	A	G	221.863
chr11	18412342	A	C	221.917
chr11	18413911	A	T	222.177
chr11	18414097	T	C	222.244
chr11	18414901	T	C	222.398
chr11	18415252	T	C	222.346
chr11	18415457	A	G	141.018
chr11	18417665	A	G	225.417
chr11	18420849	T	C	228.305
chr11	18421482	G	C	30.4183
chr12	48506502	T	G	112.36
chr12	48506535	G	T	50.9757
chr12	48506683	A	G	225.417
chr12	48506865	A	G	126.018
chr12	48506873	T	C	114.829
chr12	48506902	A	G	47.8433
chr12	48506915	C	G	225.417
chr12	48506919	A	G	176.22
chr12	48506922	G	C	216.514
chr12	48506930	A	G	207.869
chr12	48506931	G	C	213.596
chr12	48506960	T	C	76.3988
chr12	48506967	T	C	139.416
chr12	48508577	A	G	221.856
chr12	48508737	T	C	34.3859
chr12	48509896	T	A	31.1161
chr12	48509905	A	G	44.837
chr12	48509909	T	A	41.6507
chr12	48509910	A	G	41.6226
chr12	48509932	A	G	132.815
chr12	48509942	A	G	90.7468
chr12	48510097	A	G	30.2465
chr12	48510114	T	C	58.4042
chr12	48510162	T	C	34.7785
chr12	48510172	T	C	31.8953
chr12	48510173	T	C	40.06
chr12	48510542	A	T	37.2906
chr12	48510550	T	G	31.1734
chr12	48510600	A	G	106.834
chr12	48511092	A	G	228.235
chr12	48511352	T	C	139.22
chr12	48511383	T	C	149.944
chr12	48511390	A	G	149.944
chr12	48511403	C	A	144.208
chr12	48511667	A	G	34.8259
chr12	48511792	A	G	225.417
chr12	48512519	A	G	148.914
chr12	48514351	G	C	225.421
chr12	48514803	T	C	62.1425
chr12	48514804	G	T	58.9832
chr12	48514909	T	A	34.7934
chr12	48515309	A	G	179.039
chr12	48516966	T	C	228.301
chr12	48517125	G	T	225.417
chr12	48517499	A	C	225.421
chr12	48517562	T	C	225.417
chr12	48520326	T	C	222.547
chr12	48520423	T	C	30.4183
chr12	48522302	T	G	225.417
chr12	48522360	A	G	228.285
chr12	48522449	C	A	225.417
chr12	48525585	T	G	200.747
chr12	48525695	A	T	225.417
chr12	48525773	A	G	225.417
chr12	48528791	A	C	192.845
chr12	48528897	T	C	225.417
chr12	48528992	A	G	39.3985
chr12	48529008	A	G	221.595
chr12	48529337	A	G	221.461
chr12	48529411	T	G	222.373
chr12	48529952	C	A	221.951
chr12	48529956	T	A	222.002
chr12	48529997	A	G	222.33
chr12	48531231	A	G	115.415
chr12	48532094	T	C	225.417
chr12	48532270	A	C	77.7762
chr12	48532279	A	G	74.7749
chr12	48534602	A	G	172.168
chr12	48534871	A	G	81.5486
chr12	48536240	A	G	220.605
chr12	48537118	A	G	228.23
chr12	48537576	C	G	53.4624
chr12	48538003	T	A	35.3787
chr12	48538004	A	G	91.3488
chr12	48540917	A	T	225.417
chr2	31809771	A	G	225.417
chr2	31810055	T	G	225.417
chr2	31813206	A	T	73.0211
chr2	31813215	C	G	86.1724
chr2	31813235	A	G	91.4501
chr2	31813239	T	C	101.774
chr2	31815230	T	C	225.417
chr2	31819369	T	C	154.715
chr2	31819375	G	T	170.067
chr2	31819624	A	T	225.417
chr2	31819825	A	G	217.197
chr2	31822125	A	T	31.4778
chr2	31822927	G	C	220.67
chr2	31823094	T	A	225.417
chr2	31823963	A	G	222.014
chr2	31826328	T	A	225.417
chr2	31826711	A	C	173.416
chr2	31828182	G	T	55.0829
chr2	31828278	T	A	53.3609
chr2	31828562	A	G	35.2403
chr2	31828588	T	C	228.284
chr2	31828761	C	G	225.417
chr2	31828775	G	C	222.284
chr2	31829048	A	G	158.793
chr2	31829080	T	G	108.534
chr2	31829140	C	A	95.7327
chr2	31829583	T	C	220.747
chr2	31829708	A	G	76.4524
chr2	31829714	A	C	88.4249
chr2	31829734	A	T	83.2659
chr2	31829735	G	T	90.479
chr2	31831305	A	G	180.213
chr2	31832357	C	G	225.417
chr2	31832694	C	A	221.73
chr2	31833102	G	T	222.238
chr2	31834726	C	A	95.4151
chr2	31834727	G	C	95.4151
chr2	31835401	T	A	225.417
chr2	31835903	A	C	192.389
chr2	31836778	A	G	30.4183
chr2	31837054	A	T	225.417
chr2	31837504	C	G	225.421
chr2	31837880	T	C	225.417
chr2	31842000	T	C	103.369
chr2	31842028	G	T	89.3427
chr2	31842948	C	A	225.417
chr2	31849346	T	C	218.698
chr2	31852162	G	T	222.398
chr2	31853995	G	C	225.421
chr2	31855536	A	G	225.417
chr2	31858318	G	T	225.417
chr2	31859525	A	G	228.323
chr2	31861868	T	C	225.417
chr2	31869018	A	T	222.369
chr2	31869765	T	C	222.353
chr2	31876918	T	C	222.395
chr2	31879632	A	G	228.291
chr2	31884326	A	C,T	188.281
chr2	31884706	T	G	222.321
chr2	31885656	T	C	225.417
chr2	31885820	A	T	225.417
chr2	31886482	T	G	222.406
chr2	31887726	A	G	216.895
chr2	31888085	A	G	222.388
chr2	31888166	A	T	225.421
chr2	31889386	T	C	222.405
chr2	31895354	A	G	228.336
chr2	31896861	C	G	193.359
chr2	31899614	A	C	30.4183
chr2	31899632	T	G	30.4183
chr2	31899881	A	C	38.415
chr2	31904610	A	G	228.269
chr2	31906932	T	A	225.417
chr2	31907741	C	G	222.379
chr2	31909322	C	A	122.415
chr2	31909326	T	C	122.415
chr2	31909344	T	C	122.415
chr2	31909383	A	C	92.0463
chr2	31909872	A	G	32.7175
chr2	31911565	G	C	127.313
chr2	31911573	T	A	142.654
chr2	31913530	T	A	228.227
chr2	31913696	T	G	222.11
chr2	31915022	T	G	54.9564
chr2	31919684	T	G	225.417
chr2	31920345	T	C	228.286
chr2	31920674	A	G	222.312
chr2	31922041	A	C	191.094
chr2	31922898	T	A	67.4148
chr2	31923989	C	G	225.421
chr2	31929446	A	G	221.743
chr2	31930658	T	A	225.417
chr2	31933384	G	T	196.416
chr2	31934059	T	C	216.928
chr2	31934629	A	G	228.295
chr2	31935070	T	G	222.39
chr2	31935462	T	C	228.269
chr2	31935747	T	C	225.417
chr2	31938198	C	G	222.176
chr2	31939612	T	C	221.709
chr2	31940505	A	T	225.417
chr2	31947642	C	A	225.417
chr2	31949443	C	A	80.9271
chr2	31949445	A	G	81.0949
chr2	31949446	T	C	40.0948
chr2	31949465	G	T	105.415
chr2	31949475	T	C	105.415
chr2	31949481	G	C	105.415
chr2	31952706	T	C	228.283
chr2	31956145	A	G	228.352
chr2	31958542	T	C	228.323
chr2	31960374	A	C	225.421
chr2	31965435	T	C	228.299
chr2	31966596	T	C	106.415
chr2	31966668	G	C	225.421
chr2	31969032	T	A	60.0305
chr2	31969574	G	T	228.373
chr2	31969649	C	G	225.417
chr2	31970229	C	G	225.417
chr2	31971941	T	A	139.416
chr2	31980960	T	G	225.417
chr2	31981252	G	C	225.421
chr2	31983084	A	G	228.252
chr2	31983201	T	C	44.4146
chr4	155366458	C	A	43.1328
chr4	155367063	A	C	222.265
chr4	155367314	A	T	225.417
chr4	155367457	T	C	228.311
chr4	155367594	T	A	225.417
chr4	155376235	C	A	222.409
chr4	155379483	A	T	222.378
chr4	155379648	C	G	33.1504
chr4	155380586	T	G	225.421
chr4	155380830	C	A	221.87
chr4	155382752	A	G	228.321
chr4	155383809	A	G	143.06
chr4	155385709	C	G	221.535
chr4	155387363	C	A	41.6449
chr4	155387399	T	C	99.4152
chr4	155387647	T	C	225.417
chr4	155387682	C	G	180.416
chr4	155389448	C	A	82.4002
chr4	155390974	C	A	222.365
chr4	155392494	T	A	225.417
chr4	155393306	T	C	138.069
chr4	155393330	A	C	220.616
chr4	155393331	C	A	220.616
chr4	155397498	G	T	225.417
chr4	155397807	A	T	225.417
chr4	155399135	G	T	222.221
chr4	155399822	A	C	222.405
chr4	155400233	T	C	225.417
chr4	155401364	T	C	222.292
chr4	155401744	T	A	225.417
chr4	155402688	T	C	225.417
chr4	155404032	T	G	225.417
chr4	155404472	A	T	222.283
chr4	155404513	T	A	225.417
chr4	155407105	C	G	225.417
chr4	155408767	A	T	225.417
chr4	155409460	G	C	225.417
chr4	155410558	T	G	225.421
chr4	155411191	T	C	222.291
chr4	155412279	T	C	222.402
chr4	155413739	T	C	35.9197
chr4	155417426	T	C	217.203
chr4	155419339	T	G	225.421
chr4	155421522	C	G	36.4154
chr4	155421545	A	G	36.4154
chr4	155421557	C	A	36.4154
chr4	155421904	T	C	222.368
chr4	155422340	C	A	222.387
chr4	155423016	C	A	35.6217
chr4	155423032	T	C	40.7151
chr4	155423039	T	C	218.141
chr4	155423045	C	A	126.371
chr4	155423046	T	C	126.371
chr4	155423051	A	C	138.863
chr4	155423557	A	G	222.241
chr3	143866102	A	G	225.417
chr3	143866106	C	G	225.417
chr3	143866398	T	C	225.417
chr3	143867870	C	A	142.416
chr3	143868055	T	C	228.294
chr3	143869359	A	G	216.562
chr3	143869493	C	G	225.421
chr3	143869751	A	G	228.318
chr3	143870237	A	C	225.421
chr3	143870694	G	C	225.421
chr3	143872487	T	C	225.417
chr3	143872651	T	C	228.219
chr3	143873472	A	G	228.279
chr3	143874040	G	C	225.417
chr3	143874055	T	C	107.476
chr3	143874266	A	C	225.417
chr3	143875566	A	G	228.258
chr3	143875781	C	A	225.417
chr3	143876045	C	A	225.417
chr3	143876054	T	C	225.417
chr3	143876322	A	G	220.229
chr3	143876868	C	G	225.417
chr3	143876920	C	A	228.39
chr3	143877091	A	G	225.417
chr3	143877485	G	T	225.417
chr16	28603413	T	C	225.417
chr16	28604763	T	C	218.586
chr16	28604938	T	G	225.417
chr16	28605344	C	A	225.417
chr16	28605807	T	C	218.549
chr16	28606274	A	G	228.205
chr16	28606473	T	C	149.416
chr16	28606492	A	G	225.417
chr16	28606569	A	G	170.468
chr16	28606650	T	C	74.4149
chr16	28606653	T	G	74.4149
chr16	28606672	C	A	85.415
chr16	28606916	T	C	225.417
chr16	28606917	A	G	225.417
chr16	28607315	A	G	218.62
chr16	28607593	T	A	225.417
chr16	28607612	T	C	225.417
chr16	28607671	A	G	30.4183
chr16	28607682	G	T	225.417
chr16	28607755	T	C	220.013
chr16	28607811	T	C	222.351
chr16	28607858	A	G	228.22
chr16	28609331	G	T	225.417
chr16	28609438	G	T	225.417
chr16	28609479	C	G	225.421
chr16	28609990	T	C	228.315
chr16	28611021	C	A	225.417
chr16	28615645	T	C	217.706
chr16	28615683	T	C	225.417
chr16	28616569	T	A	35.4156
chr16	28617172	T	C	219.607
chr16	28618867	T	C	228.249
chr16	28618939	C	G	225.421
chr16	28620039	A	T	225.417
chr16	28620264	T	G	225.417
chr16	28620339	C	G	30.4183
chr16	28620510	G	C	54.4146
chr16	28620712	T	A	222.282
chr16	28621072	T	C	228.298
chr6	16242588	G	C	51.981
chr6	16246553	C	G	225.417
chr6	16247899	G	C	225.417
chr6	16248284	A	G	228.298
chr6	16249869	T	C	228.297
chr6	16252104	T	G	225.417
chr6	16253864	T	C	228.288
chr6	16257985	A	G	228.254
chr6	16258039	C	A	225.417
chr6	16259053	T	G	30.4183
chr6	16268177	A	G	228.268
chr6	16268801	T	C	156.19
chr6	16269132	T	C	218.144
chr6	16274438	A	G	165.707
chr6	16278159	A	G	228.262
chr6	16278741	A	G	228.205
chr6	16278958	T	C	222.29
chr1	35537043	T	G	225.421
chr1	35538162	T	C	225.417
chr1	35542512	T	C	228.3
chr1	35544064	A	G	225.417
chr1	35545868	C	A	225.417
chr1	35546895	A	G	225.417
chr1	35547626	A	C	119.861
chr1	35549122	T	C	42.8683
chr1	35549125	A	G	143.416
chr1	35553718	A	T	31.7277
chr1	35556137	T	C	228.219
chr1	35556782	G	C	225.417
chr1	35561736	A	G	228.296
chr1	35562934	A	C	225.421
chr1	35565023	C	A	225.417
chr1	35565741	T	A	225.417
chr1	35567925	A	T	225.417
chr17	47199228	A	G	218.707
chr17	47199317	C	A	128.398
chr17	47199552	A	G	228.303
chr17	47199589	A	G	228.343
chr17	47200305	A	G	228.315
chr17	47200401	A	G	228.256
chr17	47200446	T	C	228.323
chr17	47200588	T	A	225.417
chr17	47201185	A	G	217.607
chr17	47201329	T	C	228.216
chr17	47201397	C	A	225.417
chr17	47201477	G	T	225.417
chr17	47201731	T	C	172.416
chr17	47201748	A	G	225.417
chr17	47201918	A	C	225.421
chr17	47201958	T	A	225.417
chr17	47202281	A	T	225.417
chr17	47202597	T	C	222.344
chr17	47202631	T	C	221.989
chr17	47202639	C	A,G	192.441
chr17	47202652	A	G	183.385
chr17	47202653	T	G	148.996
chr17	47203372	T	C	225.417
chr17	47203481	T	G	225.421
chr17	47203834	T	C	225.417
chr17	47203835	G	C	225.417
chr17	47204767	A	T	225.417
chr17	47204923	A	G	228.263
chr17	47205487	C	A	225.417
chr17	47205735	T	C	225.417
chr17	47205775	T	C	218.703
chr17	47206115	T	C	218.727
chr17	47206477	A	C	32.4168
chr17	47207123	G	T	225.417
chr17	47207318	A	G	218.626
chr17	47207379	C	A	225.417
chr17	47208809	T	C	222.119
chr17	47210334	T	G	225.417
chr17	47210731	A	T	56.5727
chr17	47211459	G	T	225.417
chr17	47212790	T	C	225.417
chr17	47213522	T	G	225.421
chr17	47213662	A	G	225.417
chr17	47215068	A	G	225.417
chr17	47218979	G	C,T	188.378
chr17	47219496	C	A	225.417
chr17	47219718	C	G	216.425
chr17	47219759	C	G	225.417
chr17	47219886	T	C	216.905
chr17	47220626	G	C	225.421
chr17	47220875	T	G	225.417
chr17	47221563	T	A	225.417
chr17	47221995	G	C	225.417
chr17	47221996	T	C	228.261
chr17	47222226	G	C	225.417
chr17	47223750	T	A	101.24
chr17	47223752	T	A	222.053
chr17	47223754	A	T	222.227
chr17	47223756	A	T	33.9801
chr17	47224543	C	A	225.417
chr17	47225135	A	G	225.417
chr17	47225144	A	T	225.417
chr17	47225148	T	C	225.417
chr17	47225320	A	T	225.417
chr17	47225976	C	G	61.3901
chr17	47225987	T	A	67.7984
chr17	47226001	T	G	31.1212
chr17	47227569	A	G	225.417
chr17	47229498	T	C	225.417
chr17	47229882	G	T	225.417
chr17	47230769	T	C	228.307
chr17	47231731	A	G	225.417
chr17	47231738	T	G	225.421
chr17	47232282	A	C	195.682
chr17	47232363	G	C	225.417
chr17	47232466	T	A	225.417
chr17	47232631	T	G	30.4183
chr17	47232880	C	G	225.421
chr17	47232909	A	C	213.43
chr17	47233379	T	C	225.417
chr17	47233942	A	C	225.417
chr17	47234183	T	G	218.424
chr17	47234576	A	T	225.417
chr17	47236235	T	A	225.417
chr17	47236555	T	C	219.613
chr17	47236563	G	C	225.417
chr17	47236606	A	G	219.611
chr17	47237750	T	C	225.417
chr17	47238120	A	G	225.629
chr17	47238608	T	G	225.417
chr17	47238643	G	C	142.44
chr17	47238753	G	C	222.242
chr17	47239118	A	T	222.394
chr17	47239260	T	C	225.417
chr17	47239438	C	G	225.417
chr17	47240533	A	G	222.154
chr17	47240822	T	C	228.29
chr17	47240923	T	C	228.245
chr17	47241086	C	A	225.417
chr17	47241437	A	G	37.5626
chr17	47244256	C	A	225.417
chr17	47244409	A	T	225.417
chr17	47244410	G	C	225.417
chr17	47244882	T	G	225.417
chr17	47245206	G	T	225.417
chr17	47245759	T	C	228.22
chr17	47245896	A	G	228.293
chr17	47245983	T	C	228.239
chr17	47245989	C	G	225.417
chr17	47246251	A	G	225.417
chr17	47246453	A	G	228.241
chr17	47246568	A	G	225.417
chr17	47246695	T	C	40.4018
chr17	47246708	T	A	37.3987
chr17	47247498	A	G	221.501
chr17	47247657	C	G	208.417
chr17	47248112	A	G	217.673
chr17	47248172	T	A	225.417
chr17	47248785	T	G	215.426
chr17	47249199	A	G	218.343
chr17	47249470	A	G	222.417
chr17	47249955	T	G	228.341
chr17	47251535	T	C	221.735
