variant_id,af_amr,af_eas,af_nfe,af_afr
15-72410596-A-C,0.045113845283552535,0.04205214465937763,6.084169288300587e-4,0.134225530566994
15-72414293-C-A,0.9706921365955776,1,0.9971920023522494,0.7573362339859802
15-72414359-C-T,0.09377670179436058,0.17165386170642943,0.04454984839842695,0.1863424144476938
15-72414625-T-C,0.9487431264728987,1,0.9964424320827943,0.5615723057583523
15-72421617-A-G,0.8385641428010985,0.9494988434849653,0.9692377788882683,0.3156626506024096
15-72428059-T-C,0.9584589175730572,1,0.9966924411254521,0.6353774040784769
15-72434467-T-G,0.9522688636066431,1,0.9965306362460308,0.5736273279938242
11-18407782-C-T,0,0,1.4699829481978009e-5,0
11-18408393-C-T,0.8363457760314342,0.704140866873065,0.8120919837675704,0.5577071476801388
11-18408791-T-C,0.6791191506095163,0.6415860735009671,0.6642979048964218,0.4110789283128168
11-18409903-T-A,0.8131626049841664,0.6730846369835539,0.8489392609629877,0.7306857868557519
11-18411103-C-T,0.781774109014675,0.6536226268888028,0.825991643126177,0.7182945661615674
11-18412213-T-A,0.9368056463207424,0.7127576818358615,0.9435870300144046,0.8521550686250903
11-18412233-A-G,0.7816873773708306,0.6593385214007782,0.8276774686819973,0.7164290530777382
11-18412293-C-T,0.7622102919994762,0.6504476449980537,0.7927812601159472,0.7027978774722624
11-18412989-T-C,0.7229872881355932,0.6296576032225579,0.7266410943041182,0.5376398412125586
11-18413169-C-T,0.7627520759193357,0.6333203581159984,0.7936098753793124,0.7163617836867388
11-18417665-A-G,0.9113567970692137,0.6812572310065561,0.9112734864300627,0.8378319757073311
11-18420849-T-C,0.8512147078135259,0.9541763341067285,0.8821175293529118,0.9274170204554226
12-48506683-A-G,0.8707968075363077,0.7149478563151797,0.8937740787577567,0.7193358716082703
12-48507373-C-T,0.5906233630172866,0.30366186209583174,0.8252434324713912,0.46518375241779497
12-48507516-C-T,0.590153201518921,0.4032195500387898,0.8260262291225594,0.46574614976101963
12-48508409-G-A,0.8708981566217806,0.8142414860681114,0.8946246361043315,0.7200019306882903
12-48508741-G-A,6.546216286986122e-5,0,2.9392745870319205e-5,4.826254826254826e-5
12-48509014-C-T,0.5903976975405547,0.40368217054263567,0.8260677726791387,0.465715389444203
12-48510085-G-A,0.5903795811518324,0.40279394644935973,0.8261579179532421,0.46548394882935074
12-48510456-G-A,0.9126258005489478,0.9679907443116081,0.8953751617076326,0.8575591195877281
12-48510542-A-T,0,0,1.4696804914611564e-5,2.41196333815726e-5
12-48511092-A-G,0.8707799005495943,0.8133204633204634,0.8947004676057995,0.7199257186957361
12-48511383-T-C,0,0,1.4698965192850424e-5,2.4118469924268005e-5
12-48513088-G-A,0.12571914225941422,0.031057098765432098,0.19566560734463276,0.04070383208164837
12-48513307-G-A,0.8711576193590582,0.8140432098765432,0.8946246361043315,0.7201649066975264
12-48514351-G-C,0.41369754552652416,0.444791260241904,0.2651818878603856,0.3384970817120623
12-48515309-A-G,0.12998822451916786,0.030876109610189117,0.19599046890627758,0.08179324285301762
12-48515975-G-A,0.1257520272037667,0.03122590593677718,0.1958837202459764,0.0406850700968348
12-48516966-T-C,0.07443838894058222,0.030647648419429453,0.13548253035295516,0.069654141141286
12-48517125-G-T,0.36987498319666623,0.4414852255054432,0.20956583969465647,0.32488221866044975
12-48517499-A-C,0.11892142573207898,0.03071870170015456,0.1936079671385088,0.03810076394932792
12-48520326-T-C,0.871030968247746,0.8139759969028262,0.894411124830952,0.7223293017876934
12-48520423-T-C,0.8703971593897949,0.8153688524590164,0.8941660987822583,0.7251378495470657
12-48522360-A-G,0.4106909186076943,0.441415313225058,0.26433214695414303,0.33570155580174366
12-48525773-A-G,0.9188129167211401,0.9696559721685349,0.895354307556601,0.893058568329718
12-48528090-C-T,0,0,0,2.4117306579201234e-5
12-48528829-A-G,0,0,1.4698965192850424e-5,0
12-48528992-A-G,6.544502617801048e-5,0,0,0
12-48529367-G-C,0,0,1.4697236919459142e-5,0
12-48529990-C-T,0.008409986859395532,0,0.008519968215662616,0.0018136970400464305
12-48531231-A-G,0.918619876915019,0.9696089818041037,0.9048305907980336,0.859046147905001
12-48536538-C-T,0.918280554828579,0.9697145061728395,0.9048963387737098,0.8593072550342037
2-31808853-G-A,0.9892866475045727,0.9998069498069498,0.9854030693243958,0.9332594982424038
2-31809771-A-G,0.9881123448726322,1,0.9854207695247054,0.9516889616013858
2-31810723-C-T,0.9956226316477198,1,0.9854799835400623,0.9957890177583136
2-31822927-G-C,0,0.0011587485515643105,0,0
2-31832463-G-A,0,0,5.8809691837214774e-5,4.816723664563364e-5
2-31835401-T-A,0.9309825984561036,0.9994224104736235,0.8881174428525198,0.9643493332049492
2-31839745-C-T,0.9901358766657956,1,0.985464432686655,0.9528737845383652
2-31841320-C-T,1.3109596224436288e-4,0,2.940138774550159e-5,0
2-31849346-T-C,0.9173094522159759,0.9994206257242179,0.8868629238596595,0.9392435557696941
2-31854324-C-T,0.9895164460752195,1,0.984894393128199,0.9495822668662771
2-31859642-C-T,0.9802614379084967,0.9990369799691834,0.9722042568203199,0.9008431703204047
2-31871381-C-T,0.9862091503267973,1,0.9850364534336783,0.9148239148239148
2-31874979-C-T,0,0,2.945334590009425e-5,9.63623223319682e-5
2-31882481-C-T,0.9898025885736698,1,0.9850507129207703,0.9514677574590953
2-31895354-A-G,0.9849653549483592,1,0.9849491445705215,0.8957591219793973
4-155393330-A-C,0.46846606092998394,0.9372037914691943,0.43343313669107403,0.5033633395983776
4-155393331-C-A,0.4757222297572223,0.9379936808846762,0.4340781625567524,0.5571420756058866
4-155397498-G-T,0.4268805891635981,0.8729012104646623,0.41002093222087915,0.23972668887923126
4-155397499-C-T,0.426758711374096,0.8729508196721312,0.4099941037735849,0.23987057516781765
4-155399712-C-T,0.4922734415924568,0.8730650154798761,0.4140859581984104,0.7840092588127502
4-155400213-G-A,0.49063400576368876,0.8781382773271533,0.41389665832474604,0.756770431765613
4-155400731-C-T,0.43766386995280543,0.8767096522078938,0.41058802733914684,0.3318102697998259
4-155401744-T-A,0.4867714472822528,0.8799380325329202,0.4025190547658986,0.7547142512659754
4-155403912-G-A,0.4570773263433814,0.9396751740139211,0.40789977328269,0.5122604624221654
4-155404333-C-T,0.45676420417268077,0.9393353941267388,0.40786099566716777,0.5116262206323117
4-155404513-T-A,0.4566500524658972,0.9392414860681114,0.4079443658651579,0.5113208458047698
4-155404780-C-T,0.45826235093696766,0.9391421947449768,0.40783960816711906,0.5179451260747754
4-155408634-C-T,0.49729480073898125,0.9396484375,0.4100879782711384,0.8506060458550357
4-155408767-A-T,0.4568694284216046,0.9390715667311412,0.4077711357813834,0.5114645684495076
4-155409460-G-C,0.45214933613776787,0.921777950310559,0.40798902946120497,0.4727884568827773
4-155410700-C-T,0.4525494822388255,0.9215116279069767,0.40774826245729767,0.47263453077406564
4-155419339-T-G,0.498557944415312,0.9429790535298681,0.4346021372427802,0.8879672052085845
4-155422340-C-A,0,0,0,0
16-28603413-T-C,0.40709617180205415,0.24859324758842444,0.39228501667460697,0.2383177570093458
16-28604387-G-A,0.8597183839978945,0.997484520123839,0.8710291124679231,0.6689117162515748
16-28604938-T-G,0.40435417496349396,0.23861346231358324,0.3925137974007477,0.23698208969791615
16-28605078-G-A,0.40461887598451474,0.23941105284388867,0.39217758985200846,0.2366788766788767
16-28605344-C-A,0.40299003322259136,0.23690572119258663,0.39139532812917394,0.23688192512324888
16-28605402-C-T,0.4025039957378796,0.23853580048270315,0.3912235860552204,0.2367071920316391
16-28605736-G-A,0.4041114058355438,0.2387878787878788,0.391456270259018,0.23749695047572578
16-28605807-T-C,0.32283672929346385,0.07471712836519703,0.3523261348087334,0.2236835683958811
16-28606274-A-G,0.40286094477711243,0.23691683569979716,0.391003821808193,0.235498726239467
16-28606564-G-A,0.4031337139822069,0.2381818181818182,0.39049420596383566,0.2368099956073991
16-28606567-C-T,0.403197983014862,0.23925271193250303,0.3904844187570756,0.2371979497193068
16-28606569-A-G,0.4031465746149761,0.2392267418445429,0.3905635648754915,0.2371697836808438
16-28606650-T-C,0.40247143236779165,0.23714054272985013,0.39052963767900206,0.23580657791699294
16-28606653-T-G,0.40234011434649647,0.23763179237631793,0.3906003512218353,0.23610567514677103
16-28606672-C-A,0.4027925531914894,0.23772819472616633,0.3904048377967768,0.23663225869575852
16-28606916-T-C,0.4042976522085157,0.2396,0.39147286821705424,0.2372724166544638
16-28606917-A-G,0.9865291102641609,1,0.9995134609146935,0.8951430087300439
16-28607315-A-G,0.4040122226650724,0.24008016032064128,0.39164587788073174,0.23858748778103617
16-28607682-G-T,0.41509304871373837,0.25675675675675674,0.3972491422380064,0.24860797592174566
16-28607811-T-C,0.4025809039850227,0.23944805194805194,0.390645507695979,0.23697470769531823
16-28607858-A-G,0.40473317243228746,0.24080064698746462,0.39114407664985223,0.23819805672784375
16-28607859-C-T,0.4032214944526133,0.2397094430992736,0.3903023983315954,0.23688580638859041
16-28609479-C-G,0.3738120380147835,0.3619447779111645,0.3955473372781065,0.347489498876624
16-28609990-T-C,0.7385867407701469,0.5072237407262788,0.7063933698386858,0.758328900923553
16-28615683-T-C,0.6308759984287023,0.9373545384018619,0.6251581580108871,0.4781989377112506
16-28615742-C-T,0.6306795862249575,0.9377657518361036,0.6250919577435776,0.4777203823501014
16-28618867-T-C,0.9623283191628516,1,0.998706529088397,0.680167799797483
16-28618939-C-G,0.9625294271514517,1,0.9987066431510876,0.6803017885551752
16-28620039-A-T,0.6297101449275362,0.9373291682936353,0.6288801108392537,0.47778587035688275
16-28620264-T-G,0.6306944991466457,0.9370899266692396,0.6289216551886515,0.478557975563819
16-28621180-C-T,0.961028736386301,1,0.9986160188457008,0.6661259079903148
6-16235532-G-A,0.1169281045751634,0.018304431599229287,0.058750036746332716,0.09820483203388199
6-16239548-G-A,0.19846978812450955,0.5747681607418856,0.18193178476918553,0.3803991515618974
6-16244593-G-A,0.2739250131095962,0.15497869043006587,0.16499852811304092,0.30172038853718647
6-16246553-C-G,0.17048879570174288,0.21593127684498242,0.11868047790006474,0.32153928121670056
6-16246554-G-A,0.17031168150864326,0.21548361934477378,0.11865403847285134,0.3212316176470588
6-16249869-T-C,0.5377259627980089,0.9142526071842411,0.38765962455128583,0.8207333526067264
6-16252104-T-G,0.5379233686412972,0.9153786707882535,0.3886665882076027,0.8210810290008671
6-16253864-T-C,0.5386780104712042,0.9146341463414634,0.38991730186291534,0.824001349202525
6-16257985-A-G,0.5387185534591195,0.9154738878143134,0.3912180052956752,0.8243601484551983
6-16259053-T-G,0.5388044048243315,0.9154411764705882,0.39165562913907287,0.8212665315184864
6-16268177-A-G,0.5359759288330717,0.9162151702786377,0.4002177495291902,0.8192657898540251
6-16269132-T-C,0.5219499410300091,0.9163123308851953,0.3958952916580784,0.7583526458091927
6-16274423-C-T,0.0035961815090885313,0,1.1762284235598553e-4,0.026085282510347484
6-16275380-C-T,0,0,5.878894767783657e-5,7.241479192816453e-5
6-16278159-A-G,0.4432874918140144,0.7835472578763127,0.38336475023562677,0.6634536406242451
1-35542512-T-C,0.25134144745452164,0.5328692962103635,0.02936157693439247,0.583116067979915
1-35544064-A-G,0.988429860112433,1,0.9652728769701246,0.9953795061847235
1-35546895-A-G,0.250624753386821,0.532295719844358,0.02943082724487391,0.582277251760136
1-35549492-G-A,0,0.0019282684149633628,4.410986296535906e-5,0
1-35552461-C-T,0.24780787854992803,0.5321705426356589,0.02924655922832608,0.5355436513681772
1-35561736-A-G,0.31583082362184106,0.7670674941815361,0.03176494821092279,0.5642815730988501
1-35562934-A-C,0.31500130787339786,0.7749708511465215,0.0316746073760367,0.5634710026054232
1-35565741-T-A,0.3155543878087231,0.7777998411437649,0.03164819534167013,0.5612304544790296
17-47199228-A-G,0.08227848101265822,0.011029411764705883,0.06904304097027067,0.1676090269924775
17-47199317-C-A,0.10602549246813442,0.3634686346863469,0.0633180049522462,0.3667141114274095
17-47200410-G-A,0.007070839334817337,0,7.354888058603749e-5,0.05602220613082307
17-47201731-T-C,0.99052163681527,1,0.9994560103505058,0.8928209825948604
17-47203834-T-C,0.9862055439330544,0.9986502121095256,0.9994855210936352,0.8918496052378202
17-47208108-G-A,0.5857852752713483,0.855984555984556,0.6225387762309798,0.7616648992576882
17-47215068-A-G,0.5914690079937098,0.8565368299267258,0.6239519901156121,0.7719747067625622
17-47219638-C-T,0.5912724413576202,0.8555125725338492,0.6225848256361922,0.7691861869113741
17-47222852-C-T,0.54125736738703345,0.8488914819136523,0.5614673224751863,0.7443321892976266
17-47225320-A-T,0.20868768808059662,0.23552123552123552,0.19184609954112247,0.25860158057054744
17-47229993-G-A,0.5472574944364446,0.673062015503876,0.42112079114669176,0.582838379448549
17-47231120-G-A,0,1.9252984212552945e-4,8.823269903826359e-5,2.4179118912906814e-5
17-47231738-T-G,0.9985617154811716,1,0.9999265181353242,0.9755428241297963
